468714,470256,470341,470730,471611,471719,471915,472018,472361,473961
476836,478432,479543,479551,479606,479625,480450,481448,482284,482834
483355,485452,485549,486473,486811,486942,487593,487939,488419,489506
491003,491357,491662,492660,494024,494136,494748,495745,497034,497097
497463,497693,498617,498869,499055,499871,500717,501385,501751,502578
504915,505431,506170,506702,506771,507020,507807,508836,508861,508921
513645,514125,514413,514847,515162,515236,515387,515572,516840,517473
518798,519453,519811,520674,521053,521525,522513,522823,523414,524547
527974,528212,528279,528434,529370,529529,530207,530468,530572,531724
533708,534470,535894,536886,536897,537699,537897,538303,539093,539126
541033,541156,541191,541810,543133,543703,543894,543946,544214,544897
546728,549512,549671,550853,551271,551288,551752,552035,553065,553075
553820,553924,554085,554228,554244,554976,556332,558411,559322,560220
560849,561508,561635,563085,563149,564469,566146,566147,566339,567139
568693,569295,569437,569578,569781,569878,570442,571810,573704,573815
576088,576660,576876,577167,577598,577810,579059,579224,579265,579684
582644,582761,583103,583879,585370,586146,586736,587043,587202,587315
587960,588066,588805,590497,590823,591344,591449,592201,592209,592452
594532,594890,595815,595969,596555,599317,599933,600323,600543,600550
601220,602626,603378,603554,603664,604052,604098,605011,605718,605859
607533,608259,608514,609347,610472,611230,611576,611903,611986,612494
613686,615243,615339,615536,615568,616286,616346,616433,616908,618418
620159,620208,621530,622002,623606,624532,624653,625460,625669,625889
626667,626732,627398,627914,629926,631187,631224,631453,631679,632053
632875,633099,633169,633182,634070,634678,635595,636778,637424,637910
638771,638987,639840,639911,640435,640640,642115,642540,643114,643802
645567,646407,647080,647161,647951,647954,648954,650092,650925,651007
652543,653251,653430,653751,654035,654668,654681,656490,656719,656762
657108,657915,657956,658244,658970,659445,660784,661240,661563,661644
664446,665155,665334,665615,666209,666773,667811,668565,668623,668666
669023,669309,670172,671103,671469,672588,672827,673257,673521,674558
674630,675112,676294,676528,676657,676807,677314,679350,680040,680165
680442,680847,680970,681152,681162,681941,682387,682627,684861,685520
685914,685991,686886,687073,687386,687661,688640,688762,688949,690178
691442,691519,692414,692600,693058,693188,693398,693429,695976,696089
697392,697397,698002,699478,700091,700151,700711,701185,702067,702420
703220,703378,703777,703972,704139,706455,706677,706777,707050,707272
708200,708594,708921,709125,709336,711845,711876,712130,712186,713261
715393,715483,715729,716186,716306,716551,716942,717349,717616,718248
719733,720124,720229,720239,720706,721027,721096,721753,722351,723594
724140,724168,724180,725521,725994,726213,726758,727319,727990,728888
729632,729672,730240,730401,732588,732627,732755,733764,733921,734165
734173,734197,735329,735331,735903,736378,737601,737985,739109,739216
740173,740313,740560,741644,742157,742380,743799,744010,744095,744376
744628,744980,745800,746272,747067,747091,748305,748362,748906,748980
750420,750788,751097,751176,751621,752296,752316,752449,752635,752735
754677,755382,755734,755982,756317,756794,757305,757819,758413,758544
759181,759624,759645,759646,760527,760875,761979,762550,763110,763543
764277,764282,764316,764361,764401,764587,764881,765605,765729,767346
768556,769282,769528,770034,770221,770497,770766,771326,772181,772227
773533,773747,773827,775333,775555,775770,775834,775916,776213,776396
777662,777670,777751,778155,778939,779052,779700,779971,780111,781578
781777,781955,782567,782904,783543,784584,785410,785457,786016,786062
786528,786856,787189,787707,788130,788607,789086,789168,789320,790104
790931,791220,791268,791759,791864,792893,793186,793881,793907,794626
794805,795489,796213,796255,796741,797173,798155,798241,798408,798425
799365,799495,799822,800048,800276,800547,801197,801240,801254,801664
803070,803480,803763,803914,804662,804816,804984,805204,806124,806429
807145,807157,807300,807652,807871,808101,809352,810249,810400,810632
811320,811552,811823,811961,812252,812715,812754,813114,814080,814544
815240,815497,815511,816183,816197,816200,816796,817572,817590,817692
819358,819589,820043,820093,820229,820950,821480,821558,822141,822233
822868,823073,823118,823171,823451,824130,824419,825046,825278,826064
826283,826541,826854,827968,829054,829086,829224,829357,829524,829597
830050,830150,830920,831168,831186,831257,832256,832631,833118,833304
833589,833656,833766,835180,835412,835643,835684,836079,836222,836769
837210,837310,837644,838013,838327,839040,839400,839414,839517,840300
840811,841200,841469,841718,842012,842122,842649,842991,843657,843872
844113,844447,844828,845912,846167,846463,846522,846677,846931,847026
847644,848033,848302,848621,849053,849434,849822,849965,850433,850533
850919,851149,851388,851396,852118,852570,852739,853216,853676,853846
854154,854595,854653,854874,854987,855051,855238,855269,855768,856371
857479,857583,857747,858338,858364,859067,859409,859482,859503,859944
860603,860736,861057,861300,862178,862376,862564,862998,863179,863685
863858,864114,864332,864361,864423,864533,864605,865666,865680,865941
866986,867208,867683,867842,868115,868420,869001,869606,869702,869770
870096,870686,870742,870856,871311,872024,872070,872093,872635,872696
873204,873323,873747,873995,874105,874195,874383,874763,874814,875152
876287,877083,877177,877201,877769,877960,878535,878595,878642,878651
879221,879920,880271,880311,880901,880967,881476,881593,881600,881782
882495,882816,882821,883207,883600,883639,883972,884174,884347,884399
885372,885693,885698,886084,886477,886516,886851,887227,887411,887426
887985,887999,888491,888596,888912,889146,889347,889352,889395,890173
890500,890750,890809,891037,891254,892116,892243,892270,892756,892885
893227,893572,894016,894183,894457,894909,895187,895314,895520,895588
895821,896133,896376,896648,896738,896775,896915,896917,897294,897523
898470,898623,899304,899415,899826,899870,900026,900262,900294,900355
901231,901722,902235,902247,902416,902596,902703,902876,902879,903198
903544,903645,903741,903780,904087,904610,904715,904735,905159,905710
905971,906173,906312,906431,907310,907319,907438,907501,907930,908198
908528,908811,908832,909064,909336,909352,909638,910078,910427,910574
910772,910815,911055,911191,911283,911903,912091,912115,912838,913003
913110,913457,913600,913872,913980,913996,914030,914257,914264,914666
915482,915525,915765,915901,915993,916613,917102,917281,917550,917715
917828,917883,918597,918854,918858,918875,918900,919009,919087,919892
920116,920123,920451,920523,920683,920781,921242,922013,922274,922327
922463,922690,922751,922892,923183,923188,923483,923692,923968,924164
924723,924896,925038,925206,925593,925684,925691,925746,925935,926106
926914,927532,927718,927891,928141,928407,928694,928882,928914,928941
929934,930308,930332,930368,930755,930845,930956,931014,931088,931098
931542,931806,931982,932152,932178,932272,932587,932658,932770,933027
933309,933373,933422,933554,933557,933639,933865,934121,934891,934969
935390,935682,935750,935864,935975,936083,936270,936385,936956,937150
937483,937486,937741,938174,938433,938649,938843,938992,939023,939035
939452,939507,939906,939956,940039,940164,940185,940796,941110,941336
941752,941786,942014,942016,942072,942584,942949,943039,943128,943243
943658,943789,943879,943881,943948,944447,944555,944734,944846,945098
945322,945456,945584,945812,945894,945895,945909,946082,946938,947087
947220,947280,947420,947474,947652,947875,947980,948023,948533,948719
949115,949151,949534,949611,949725,949759,949944,950081,950224,950322
950935,951148,951447,951810,951978,951979,952041,952171,952205,952225
952615,952630,952796,952893,953192,953205,953237,953402,953474,954068
954356,954474,954737,954793,955006,955049,955084,955826,955837,955878
