535777,609413,485178,450497,450501,535771,513836,667421,566216
558658,574632,605726,609419,535766,376005,535776,513842,566205
614486,574641,558661,574634,609409,574635,513846,609420,485175
609418,485187,558651,513844,566208,609414,574636,485184,535767
535778,450499,450503,574633,513845,513838,609408,513848,558649
535775,558660,485180,459333,485185,450494,485186,558648,566213
566212,574643,558659,566210,574629,485176,558654,535780,574631
513840,558655,609412,450508,566203,450502,683502,566207,609422
558656,609417,566211,558653,679099,450507,574639,485177,609411
566202,485181,574640,574630,535779,566215,513835,638476,485188
558652,450504,450498,450506,513837,609421,356448,485179,566206
535769,535772,597994,485183,450505,485182,535773,535768,485189
574638,450495,566214,513839,513849,513847,535774,558647,578099
450496,513843,574642,566209,450500,609415,566204,558650,609410
609416,558657,574637,535770,513841
531,4471,4728,4893,10993,15386,18226,19721,21882,22780
26391,29567,29568,29569,29570,29571,29572,29573,29574,29575
29576,29577,29578,29579,29580,29581,32420,44729,47606,49946
53192,62299,67226,71249,92159,100887,101495,121972,122469,134711
139464,142058,154838,186775,187109,187455,190386,195459,207097
234162,235419,241748,273853,285946,287116,337949,344643,348874